player,average,strike_rate,balls_per_boundary,boundary_to_dot_ratio,balls_per_dismissal,form_index,consistency,recent_mean,recent_std,next_match_runs
A Badoni,27.51,138.56,6.26,0.51,19.86,41.32,26.09,39.6,23.08765904114144,3
A Ashish Reddy,18.67,145.08,6.23,0.53,12.87,14.92,8.7,14.0,10.411532067856296,2
A Manohar,15.37,124.26,6.35,0.41,12.37,16.02,20.0,12.2,15.929846201391902,12
A Chopra,10.6,74.65,10.14,0.17,14.2,9.74,0.0,10.2,8.37615663654877,11
A Flintoff,31.0,116.98,7.57,0.35,26.5,15.8,0.0,20.666666666666668,3.39934634239519,16
A Dananjaya,4.0,80.0,0.0,0.0,0.0,1.2,0.0,4.0,0.0,4
A Choudhary,25.0,125.0,10.0,0.5,20.0,6.42,0.0,8.333333333333334,4.784233364802441,4
A Chandila,4.0,57.14,0.0,0.0,0.0,1.2,0.0,2.0,2.0,4
A Kamboj,8.0,114.29,7.0,0.33,7.0,3.32,0.0,2.8,1.7204650534085253,5
A Kumble,17.5,74.47,15.67,0.14,23.5,1.32,0.0,1.2,0.4,1
A Mishra,13.61,90.93,11.64,0.2,14.96,9.76,3.64,8.0,5.966573556070519,19
A Mukund,9.5,86.36,22.0,0.12,11.0,5.7,0.0,9.5,9.5,19
A Nortje,9.8,100.0,8.17,0.26,9.8,1.86,0.0,1.8,1.6,0
A Nehra,6.83,66.13,15.5,0.11,10.33,0.48,0.0,0.4,0.48989794855663565,1
A Mhatre,34.29,188.98,3.02,1.02,18.14,39.28,71.43,35.6,33.32626591744116,34
A Mithun,6.8,130.77,5.2,0.45,5.2,6.74,0.0,5.8,4.308131845707603,2
A Raghuvanshi,28.94,144.69,5.16,0.67,20.0,25.84,44.44,26.0,16.84042754801671,14
A Singh,0.5,20.0,0.0,0.0,2.5,0.44,0.0,0.4,0.48989794855663565,0
A Symonds,40.58,129.87,6.52,0.42,31.25,6.46,38.89,5.4,2.1540659228538015,8
A Tomar,4.0,50.0,8.0,0.14,8.0,1.2,0.0,4.0,0.0,4
A Uniyal,4.0,57.14,0.0,0.0,7.0,1.2,0.0,2.0,2.0,4
AA Chavan,12.0,109.09,5.5,0.4,11.0,3.36,0.0,4.0,2.449489742783178,7
A Zampa,3.0,62.5,24.0,0.08,4.8,3.54,0.0,3.0,2.6076809620810595,2
AA Jhunjhunwala,18.08,103.33,8.75,0.27,17.5,8.24,13.33,6.8,7.025667228100118,19
AA Bilakhia,13.8,81.18,17.0,0.12,17.0,7.38,0.0,7.0,5.513619500836088,2
AA Kulkarni,4.5,112.5,4.0,0.4,4.0,2.7,0.0,4.5,4.5,9
AB Agarkar,22.38,116.23,8.56,0.33,19.25,7.48,5.56,6.8,2.227105745132009,9
AA Noffke,9.0,90.0,10.0,0.25,10.0,2.7,0.0,9.0,0.0,9
AB Dinda,2.89,54.17,24.0,0.07,5.33,3.9,0.0,3.4,2.65329983228432,7
AB de Villiers,42.47,151.89,5.11,0.64,27.96,18.94,38.37,16.6,8.06473806146238,11
AB Barath,21.0,100.0,7.0,0.29,21.0,10.72,33.33,14.0,13.589211407093005,2
AB McDonald,24.6,123.0,7.69,0.37,20.0,10.62,22.22,11.0,10.039920318408907,0
AC Blizzard,17.14,133.33,3.91,0.49,12.86,16.1,28.57,15.4,18.661189672687005,0
AC Gilchrist,27.59,138.39,4.52,0.49,19.93,41.68,32.5,40.0,26.283074401599215,5
AC Thomas,10.0,105.26,9.5,0.25,9.5,5.44,0.0,5.0,4.847679857416329,7
AC Voges,45.25,126.57,7.94,0.41,35.75,21.34,28.57,19.8,7.704544113703289,8
AD Mascarenhas,8.78,101.28,13.0,0.21,8.67,5.16,0.0,4.4,2.939387691339814,5
AD Hales,24.67,125.42,6.21,0.4,19.67,21.9,50.0,20.6,17.304334717058612,37
AD Mathews,25.86,125.91,7.88,0.4,20.54,15.42,19.51,13.4,11.77454882362802,31
AD Nath,9.0,91.84,10.89,0.2,9.8,13.02,0.0,12.2,8.657944328765346,3
AG Murtaza,10.0,71.43,14.0,0.14,14.0,2.72,0.0,3.3333333333333335,1.247219128924647,5
AD Russell,29.5,174.1,3.72,0.68,16.94,28.42,33.91,26.6,19.417517864031954,0
AG Paunikar,9.8,84.48,6.44,0.24,11.6,11.54,0.0,9.8,7.0823724838503095,15
AF Milne,5.75,79.31,29.0,0.08,7.25,4.26,0.0,4.2,5.706137047074843,0
AJ Hosein,16.0,160.0,5.0,0.67,0.0,4.8,0.0,16.0,0.0,16
AJ Finch,25.51,127.95,5.6,0.42,19.94,17.32,29.67,17.2,20.759576103572055,14
AJ Turner,4.8,85.71,14.0,0.14,5.6,6.76,0.0,4.8,5.912698199637792,16
AJ Tye,11.38,119.74,6.91,0.31,9.5,3.76,0.0,4.0,5.513619500836088,6
AK Markram,31.3,135.08,6.35,0.52,23.17,38.42,38.18,34.2,20.604853797103242,36
AL Menaria,19.1,112.64,8.48,0.3,16.95,13.76,21.74,13.2,8.133879763065101,1
AM Nayar,18.67,116.46,7.69,0.34,16.03,11.92,12.0,10.8,6.764613810115105,11
AN Ahmed,36.0,138.46,5.2,0.5,26.0,5.68,0.0,6.4,5.9531504264548865,1
AM Rahane,31.45,125.02,6.31,0.44,25.16,35.26,38.8,33.8,13.362634470792052,15
AN Ghosh,3.5,87.5,8.0,0.2,4.0,2.1,0.0,3.5,3.5,7
AP Dole,17.0,154.55,5.5,0.67,11.0,10.04,50.0,17.0,13.0,30
AP Majumdar,21.75,114.47,8.44,0.33,19.0,19.66,50.0,21.75,9.202581159652981,17
AP Tare,14.12,124.18,5.35,0.39,11.38,5.4,7.41,5.2,7.110555533852471,0
AR Bawne,12.0,100.0,12.0,0.25,0.0,3.6,0.0,12.0,0.0,12
AR Patel,22.81,133.99,6.38,0.48,17.02,25.98,15.45,24.6,13.154466921924278,25
AS Raut,21.56,116.17,8.35,0.32,18.56,14.2,12.5,12.4,8.56971411425142,5
AS Rajpoot,6.5,63.41,13.67,0.11,10.25,4.16,0.0,4.0,2.898275349237888,2
AS Joseph,27.0,84.38,10.67,0.19,32.0,5.46,0.0,5.4,5.388877434122992,7
AS Roy,6.5,104.0,8.33,0.27,6.25,4.44,0.0,4.4,4.841487374764082,0
AT Carey,16.0,110.34,29.0,0.12,14.5,7.92,0.0,10.666666666666666,4.714045207910316,4
AS Yadav,9.8,125.64,5.57,0.41,7.8,7.3,0.0,7.8,5.81033561853358,0
AT Rayudu,29.38,127.54,6.41,0.45,23.03,16.82,32.43,15.0,6.54217089351845,19
AU Rashid,11.0,137.5,5.33,0.43,8.0,5.88,0.0,11.0,7.0,4
AUK Pathan,7.8,169.57,3.29,0.64,4.6,5.22,0.0,5.4,4.882622246293481,4
Abdul Samad,19.55,151.63,5.16,0.58,12.89,11.62,11.54,10.6,17.21162397916013,1
Abdur Razzak,0.0,0.0,0.0,0.0,0.0,0.0,0.0,0.0,0.0,0
Abhishek Sharma,27.52,163.02,4.05,0.69,16.88,44.74,39.19,39.8,25.3645421799803,32
Abdul Basith,1.0,100.0,0.0,0.0,0.0,0.3,0.0,1.0,0.0,1
Abishek Porel,25.42,149.89,4.79,0.65,16.96,16.0,41.38,15.2,11.356055653262713,6
Akash Madhwal,8.0,57.14,0.0,0.0,0.0,2.24,0.0,4.0,0.0,4
Akash Deep,8.33,178.57,3.5,0.8,4.67,5.3,0.0,5.0,6.387487769068525,6
Aman Hakim Khan,12.78,110.58,7.43,0.28,11.56,16.44,10.0,16.0,18.143869488066763,7
Anirudh Singh,15.75,95.45,9.43,0.23,16.5,16.86,25.0,15.75,14.872373717735847,40
Ankit Soni,3.5,77.78,9.0,0.14,4.5,1.54,0.0,2.3333333333333335,3.2998316455372216,0
Aniket Verma,26.22,166.2,4.44,0.62,15.78,14.66,16.67,13.0,8.602325267042627,12
Ankit Sharma,12.43,129.85,6.09,0.41,9.57,10.38,10.0,7.8,8.885943956609225,25
Anureet Singh,9.0,76.6,15.67,0.14,11.75,6.24,0.0,5.2,5.706137047074843,3
Anmolpreet Singh,15.44,120.87,5.23,0.42,12.78,13.7,33.33,15.8,15.406492138056604,5
Anuj Rawat,22.71,119.1,6.67,0.35,19.07,19.72,9.52,19.6,15.869467539901898,25
Arjun Tendulkar,13.0,144.44,9.0,0.5,9.0,3.9,0.0,13.0,0.0,13
Arshad Khan,23.8,141.67,6.0,0.42,16.8,6.66,10.0,4.6,7.709734106958553,20
Arshdeep Singh,5.17,67.39,11.5,0.13,7.67,2.08,0.0,2.0,1.0954451150103321,1
Arshad Khan (2),5.0,125.0,4.0,0.5,4.0,1.5,0.0,5.0,0.0,5
Ashutosh Sharma,28.07,163.75,4.62,0.68,17.14,23.14,38.89,21.0,15.633297796690243,18
Atharva Taide,28.89,146.89,4.66,0.6,19.67,30.28,30.0,29.6,17.408044117591157,13
Avesh Khan,31.0,167.57,3.7,0.62,18.5,7.66,0.0,6.2,6.794115100585213,19
Azhar Mahmood,20.42,128.05,5.83,0.45,15.95,36.82,23.81,33.0,31.22178726466504,6
Azmatullah Omarzai,12.38,133.78,5.69,0.48,9.25,11.22,0.0,11.4,8.639444426582072,1
B Akhil,15.2,138.18,5.5,0.42,11.0,7.98,0.0,7.0,4.33589667773576,13
B Chipli,18.67,111.55,7.17,0.33,16.73,12.14,9.52,10.6,9.178235124467012,16
B Kumar,9.14,91.17,10.32,0.21,10.03,3.16,0.0,2.8,2.7129319932501077,1
B Laughlin,2.5,38.46,0.0,0.0,6.5,1.14,0.0,1.25,1.6393596310755,0
B Indrajith,7.0,70.0,15.0,0.12,10.0,5.22,0.0,7.0,6.164414002968976,0
B Lee,13.78,127.84,6.06,0.39,10.78,13.62,0.0,12.6,7.172168430816444,16
B Stanlake,5.0,250.0,2.0,0.0,0.0,1.5,0.0,5.0,0.0,5
B Sai Sudharsan,51.23,145.89,5.21,0.67,35.11,59.42,72.5,51.0,37.96314001765397,80
B Sumanth,35.0,94.59,12.33,0.21,37.0,9.02,0.0,8.75,4.205650960315181,16
BA Stokes,24.61,133.95,6.18,0.48,18.37,14.46,25.58,16.6,17.658992043715294,8
BA Bhatt,6.0,85.71,7.0,0.17,0.0,1.8,0.0,3.0,3.0,6
BB Samantray,25.0,110.62,7.53,0.33,22.6,19.0,25.0,16.8,19.671298889498885,14
BAW Mendis,1.5,50.0,0.0,0.0,3.0,0.86,0.0,1.0,0.816496580927726,2
BB Sran,10.0,71.43,0.0,0.0,14.0,1.88,0.0,1.6,1.019803902718557,3
BB McCullum,28.25,131.6,5.18,0.45,21.47,20.2,39.64,16.8,16.98705389406886,5
BCJ Cutting,23.8,168.79,4.15,0.64,14.1,12.3,11.76,11.8,13.196969349058898,13
BE Hendricks,1.0,33.33,0.0,0.0,3.0,0.3,0.0,0.5,0.5,1
BJ Haddin,18.0,163.64,3.67,0.6,11.0,5.4,0.0,18.0,0.0,18
BJ Hodge,34.15,125.22,6.78,0.41,27.27,28.4,33.33,24.0,13.29661611087573,29
BKG Mendis,20.0,200.0,3.33,0.75,10.0,6.0,0.0,20.0,0.0,20
BJ Rohrer,27.57,136.88,5.42,0.5,20.14,30.44,33.33,31.2,23.318662054243163,7
BMAJ Mendis,7.67,85.19,0.0,0.0,9.0,6.42,0.0,7.666666666666667,5.436502143433364,11
BR Dunk,13.33,114.29,5.0,0.37,11.67,10.2,0.0,13.333333333333334,6.236095644623235,15
Basil Thampi,32.0,91.43,17.5,0.14,35.0,3.42,0.0,3.8,3.6551333764994136,1
BR Sharath,2.0,40.0,0.0,0.0,5.0,0.6,0.0,2.0,0.0,2
C Bosch,23.5,146.88,5.33,0.5,16.0,13.3,0.0,23.5,3.5,27
Bipul Sharma,31.17,152.03,6.15,0.61,20.5,11.98,5.88,12.6,9.687104830649869,2
C Green,41.59,153.7,4.89,0.71,27.06,33.44,42.86,28.8,15.276125163142648,27
C Madan,15.0,78.95,6.33,0.23,19.0,4.5,0.0,15.0,0.0,15
C Sakariya,4.0,64.52,10.33,0.14,6.2,2.62,0.0,2.6,2.1540659228538015,0
C de Grandhomme,21.64,134.67,6.25,0.44,16.07,11.96,23.81,9.6,13.720058308913995,3
C Nanda,0.0,0.0,0.0,0.0,1.0,0.0,0.0,0.0,0.0,0
C Munro,19.67,125.53,5.22,0.42,15.67,19.6,18.18,16.8,14.985326155943355,27
CA Ingram,17.08,113.89,6.67,0.36,15.0,9.48,13.33,9.2,6.523802572120037,12
CA Pujara,21.67,99.74,7.24,0.29,21.72,21.96,18.18,22.4,12.97073629367277,19
CA Lynn,34.97,140.63,4.77,0.51,24.87,45.2,47.62,38.0,19.462785001124583,49
CH Gayle,39.98,149.34,4.36,0.52,26.77,15.08,42.07,14.8,16.65412861725284,1
CH Morris,22.07,155.28,5.24,0.64,14.21,6.54,12.24,5.8,5.528109984434102,0
CJ Anderson,24.45,127.19,5.96,0.38,19.23,5.46,24.14,4.6,5.314132102234569,2
CJ Ferguson,16.33,83.76,13.0,0.16,19.5,14.64,0.0,13.2,6.493073232299171,12
CJ McKay,8.0,53.33,0.0,0.0,15.0,2.4,0.0,8.0,0.0,8
CJ Jordan,9.0,105.19,12.83,0.18,8.56,4.14,8.33,3.8,1.6,2
CK Kapugedera,5.33,69.57,0.0,0.0,7.67,4.16,0.0,5.333333333333333,3.7712361663282534,8
CK Langeveldt,4.0,88.89,9.0,0.17,4.5,2.4,0.0,4.0,4.0,8
CL White,28.56,127.76,6.67,0.44,22.35,18.96,32.61,17.2,16.939893742287758,31
CM Gautam,18.78,112.67,6.52,0.3,16.67,9.32,23.08,10.4,10.209799214480176,4
CR Brathwaite,13.92,163.06,4.27,0.59,8.54,15.14,14.29,16.6,14.402777509911065,5
CRD Fernando,4.0,133.33,0.0,0.0,0.0,1.12,0.0,2.0,0.0,2
CR Woakes,15.6,101.3,8.56,0.27,15.4,8.24,0.0,6.4,5.782732917920384,15
CV Varun,13.0,55.32,23.5,0.07,23.5,0.84,0.0,0.8,0.4,1
D Ferreira,3.0,64.29,0.0,0.0,4.67,2.34,0.0,3.0,2.8284271247461903,1
D Brevis,28.44,153.2,4.71,0.56,18.56,43.94,56.25,36.6,20.214846029589246,57
D Kalyankrishna,3.0,37.5,0.0,0.0,8.0,0.9,0.0,3.0,0.0,3
D Pretorius,11.0,157.14,4.67,0.6,7.0,10.44,0.0,8.8,8.133879763065101,13
D Padikkal,25.8,126.29,5.77,0.44,20.43,32.68,35.14,33.6,22.204504047602594,17
D Salunkhe,33.0,137.5,4.8,0.62,24.0,7.78,0.0,11.0,10.801234497346433,6
D du Preez,10.0,76.92,0.0,0.0,13.0,3.0,0.0,10.0,0.0,10
D Wiese,29.6,146.53,5.32,0.63,20.2,8.32,9.09,7.6,4.223742416388575,8
DA Miller,36.63,138.54,6.2,0.52,26.44,14.86,29.1,12.6,6.2801273872430325,11
DA Warner,41.56,139.66,5.23,0.52,29.76,6.64,51.34,7.6,6.343500610861483,1
DAJ Bracewell,12.0,133.33,9.0,1.0,0.0,3.6,0.0,12.0,0.0,12
DB Ravi Teja,19.74,118.3,7.2,0.38,16.68,13.32,20.0,15.6,22.428553230201896,10
DB Das,25.33,116.48,6.69,0.33,21.75,16.08,9.09,14.8,6.615134163416491,8
DE Bollinger,21.0,91.3,11.5,0.18,23.0,4.78,0.0,5.25,6.299801584177076,3
DG Nalkande,6.0,100.0,12.0,0.2,6.0,3.6,0.0,6.0,6.0,12
DH Yagnik,18.89,124.09,5.48,0.44,15.22,12.46,11.76,11.0,10.69579356569675,4
DJ Bravo,22.94,129.57,6.47,0.41,17.71,5.52,13.64,4.4,4.758150901348127,12
DJ Harris,37.0,109.9,6.31,0.32,33.67,26.54,50.0,27.75,12.397076268217438,19
DJ Hooda,18.95,127.62,7.33,0.41,14.85,7.46,13.73,6.2,8.009993757800315,2
DJ Hussey,28.74,122.98,7.17,0.38,23.37,26.34,31.15,23.4,19.945926902503178,1
DJ Jacobs,13.14,93.88,7.0,0.24,14.0,13.34,14.29,13.8,10.4,0
DJ Malan,26.0,100.0,13.0,0.2,26.0,7.8,0.0,26.0,0.0,26
DJ Mitchell,27.0,131.46,7.03,0.51,20.54,26.32,26.67,24.0,22.315913604421397,4
DJ Muthuswami,1.0,33.33,0.0,0.0,3.0,0.3,0.0,1.0,0.0,1
DJ Thornely,13.0,73.58,13.25,0.13,17.67,9.26,25.0,9.75,12.090802289343747,8
DJ Willey,26.5,85.48,8.86,0.21,31.0,11.26,0.0,10.6,7.735631842325487,11
DJM Short,16.43,116.16,6.19,0.36,14.14,20.86,28.57,21.0,19.01578291840754,4
DJG Sammy,19.67,122.41,7.3,0.34,16.07,11.4,5.0,10.4,9.850888284819801,6
DL Chahar,14.62,139.29,6.46,0.42,10.5,7.84,6.25,7.6,10.594338110519221,8
DM Bravo,6.0,120.0,5.0,0.5,0.0,1.8,0.0,6.0,0.0,6
DL Vettori,17.29,107.08,8.69,0.32,16.14,4.92,0.0,5.6,7.28285658241325,4
DNT Zoysa,11.0,122.22,9.0,0.33,9.0,3.26,0.0,5.5,4.5,10
DP Conway,45.0,139.72,5.12,0.57,32.21,30.02,57.14,28.6,26.904274753280376,52
DP Nannes,4.0,30.77,0.0,0.0,13.0,1.08,0.0,2.0,1.0,1
DP Vijaykumar,1.0,100.0,0.0,0.0,0.0,0.3,0.0,1.0,0.0,1
DPMD Jayawardene,30.64,123.5,6.1,0.43,24.81,26.18,29.11,23.4,11.11035552986492,14
DR Sams,4.89,100.0,11.0,0.18,4.89,4.3,0.0,3.4,5.817215828899594,0
DR Martyn,19.0,79.17,24.0,0.12,24.0,5.7,0.0,19.0,0.0,19
DR Shorey,6.5,76.47,17.0,0.11,8.5,3.58,0.0,6.5,1.5,5
DS Kulkarni,13.0,96.3,12.0,0.2,13.5,3.54,0.0,3.0,1.2649110640673518,3
DS Lehmann,9.0,100.0,6.0,0.33,9.0,5.36,0.0,9.0,8.0,17
DR Smith,29.81,135.2,4.87,0.46,22.05,36.18,39.77,29.0,29.434673431176368,54
DS Rathi,1.0,33.33,0.0,0.0,3.0,0.3,0.0,1.0,0.0,1
DT Christian,17.04,115.58,9.48,0.31,14.74,3.28,4.88,2.4,3.3226495451672298,9
DT Patil,13.0,100.0,13.0,0.2,13.0,3.74,0.0,6.5,2.5,9
DW Steyn,8.35,104.38,9.41,0.25,8.0,4.92,0.0,4.4,7.310266752998827,1
E Lewis,27.25,137.11,4.87,0.46,19.88,13.42,38.46,14.6,20.441134997841974,2
Dhruv Jurel,30.91,153.85,4.97,0.66,20.09,31.64,31.43,28.4,20.333224043422135,31
ER Dwivedi,12.0,171.43,3.5,0.67,7.0,6.44,0.0,12.0,7.0,5
F Behardien,7.0,107.69,6.5,0.4,6.5,3.48,0.0,4.666666666666667,3.6817870057290873,5
EJG Morgan,23.83,122.47,6.52,0.37,19.46,4.92,25.33,4.8,4.445222154178573,4
F du Plessis,37.29,135.79,5.72,0.51,27.46,18.78,46.26,19.8,22.283626275810676,23
FA Allen,7.0,73.68,19.0,0.11,9.5,3.72,0.0,4.666666666666667,3.39934634239519,8
FH Edwards,4.0,80.0,0.0,0.0,5.0,1.08,0.0,2.0,1.0,1
FY Fazal,20.33,105.78,7.52,0.34,19.22,15.28,27.27,15.6,11.074294559925702,16
Fazalhaq Farooqi,5.0,33.33,0.0,0.0,0.0,1.3,0.0,1.6666666666666667,0.4714045207910317,2
G Coetzee,5.17,93.94,8.25,0.22,5.5,6.56,0.0,5.2,4.445222154178573,5
G Gambhir,32.95,123.88,6.18,0.45,26.59,14.14,38.41,17.0,19.462785001124583,4
GC Smith,28.42,110.63,6.49,0.35,25.69,12.72,31.03,12.0,8.48528137423857,6
GC Viljoen,1.5,42.86,0.0,0.0,3.5,0.74,0.0,1.0,0.816496580927726,0
GB Hogg,11.0,100.0,22.0,0.2,11.0,5.24,0.0,5.5,4.5,5
GD McGrath,4.0,80.0,5.0,0.25,5.0,1.2,0.0,2.0,2.0,4
GD Phillips,9.29,118.18,6.11,0.28,7.86,7.22,0.0,7.8,9.064215354899728,1
GH Vihari,14.95,88.47,13.38,0.18,16.89,5.14,13.04,5.4,2.939387691339814,2
GHS Garton,2.0,50.0,0.0,0.0,4.0,0.6,0.0,1.0,1.0,2
GJ Bailey,25.5,121.88,6.97,0.39,20.92,18.16,22.22,16.8,13.991425945914163,9
GJ Maxwell,24.74,155.12,4.56,0.61,15.95,8.96,28.15,9.6,10.461357464497615,7
GR Napier,15.0,93.75,16.0,0.14,16.0,4.5,0.0,15.0,0.0,15
Gulbadin Naib,19.0,126.67,7.5,0.5,15.0,5.7,0.0,19.0,0.0,19
Gurkeerat Singh,21.29,121.09,6.39,0.42,17.58,15.02,9.38,14.2,6.615134163416491,15
H Das,2.0,40.0,0.0,0.0,5.0,0.6,0.0,2.0,0.0,2
H Klaasen,41.11,169.72,4.66,0.9,24.22,53.2,48.89,41.2,34.35345688573422,105
HC Brook,21.11,123.38,5.7,0.42,17.11,8.0,9.09,6.8,10.457533169921097,0
HE van der Dussen,11.0,91.67,12.0,0.18,12.0,6.04,0.0,7.333333333333333,3.39934634239519,12
HF Gurney,1.0,20.0,0.0,0.0,0.0,0.3,0.0,1.0,0.0,1
HH Gibbs,28.58,109.79,7.08,0.3,26.03,23.86,30.56,22.2,22.506887834616318,13
HM Amla,44.38,141.77,5.02,0.58,31.31,61.24,37.5,58.0,43.11380289420083,104
HH Pandya,29.03,147.01,5.25,0.57,19.75,16.62,22.38,13.4,9.971960689854328,15
HR Shokeen,22.0,101.54,7.22,0.29,21.67,12.52,0.0,13.2,9.239047569960878,0
HV Patel,10.38,117.9,7.39,0.33,8.81,4.34,4.88,4.2,4.261455150532503,1
Harbhajan Singh,16.33,137.91,4.99,0.48,11.84,4.36,6.82,5.2,6.910861017268399,2
Harpreet Brar,20.33,120.2,7.0,0.35,16.92,14.92,0.0,15.6,9.156418513807678,4
Harmeet Singh,9.0,150.0,4.0,0.6,6.0,4.76,0.0,4.5,5.5901699437494745,3
Harpreet Singh,20.5,103.36,9.15,0.27,19.83,22.02,12.5,20.6,10.744300814850634,14
Harshit Rana,9.83,105.36,7.0,0.25,9.33,12.36,10.0,9.6,12.690153663372243,34
I Malhotra,7.0,175.0,4.0,0.0,0.0,2.1,0.0,7.0,0.0,7
I Udana,5.0,136.36,5.5,0.5,3.67,3.58,0.0,3.75,3.897114317029974,4
I Sharma,9.5,82.61,11.5,0.16,11.5,2.42,0.0,2.6,3.720215047547655,0
IC Pandey,0.0,0.0,0.0,0.0,2.0,0.0,0.0,0.0,0.0,0
IK Pathan,23.47,121.05,7.54,0.37,19.39,6.24,10.84,7.2,8.133879763065103,2
IR Jaggi,15.2,78.35,16.17,0.12,19.4,12.36,0.0,9.6,9.604165762834374,28
Imran Tahir,8.25,89.19,7.4,0.24,9.25,5.74,0.0,4.6,4.498888751680797,13
IS Sodhi,3.5,41.18,0.0,0.0,8.5,2.06,0.0,3.5,2.5,6
Ishan Kishan,29.68,137.65,5.16,0.51,21.56,49.34,37.5,43.0,27.429910681589906,29
Iqbal Abdulla,88.0,104.76,8.4,0.29,84.0,12.6,7.69,12.4,12.338557452149745,5
J Arunkumar,7.67,100.0,4.6,0.33,7.67,5.1,0.0,7.666666666666667,10.143416036468626,0
J Botha,20.45,113.93,8.16,0.33,17.95,11.94,14.29,11.0,8.508818954473059,2
J Fraser-McGurk,27.5,199.48,2.8,0.83,13.79,9.56,33.33,10.8,14.076931483814219,9
J Overton,15.0,214.29,3.5,1.0,0.0,4.06,0.0,7.5,3.5,4
J Syed Mohammad,14.5,111.54,6.5,0.4,13.0,6.02,0.0,5.8,4.534313619501853,9
J Theron,5.0,83.33,12.0,0.2,6.0,2.56,0.0,2.5,2.692582403567252,1
J Suchith,17.5,114.75,6.78,0.31,15.25,4.82,11.11,4.6,5.122499389946279,0
JA Morkel,25.66,141.92,5.92,0.51,18.08,21.26,10.29,20.6,26.657831869827675,16
J Yadav,20.0,111.11,12.0,0.25,18.0,10.56,0.0,10.0,8.306623862918075,11
JA Richardson,5.67,65.38,13.0,0.12,8.67,4.5,0.0,5.666666666666667,6.649979114420001,2
JC Archer,14.56,147.19,5.56,0.51,9.89,12.12,3.33,9.2,11.285388783732708,12
JC Buttler,40.8,149.31,4.65,0.59,27.33,35.2,42.5,36.4,19.925862591115095,5
JD Unadkat,15.15,118.67,7.22,0.35,12.77,5.0,0.0,4.8,2.3151673805580453,4
JD Ryder,22.37,131.88,5.2,0.46,16.96,10.1,27.59,7.8,7.884161337770808,22
JDP Oram,13.25,98.15,9.82,0.23,13.5,7.48,9.09,6.8,6.144916598294887,0
JDS Neesham,11.5,98.92,11.62,0.2,11.62,8.9,0.0,6.6,7.364781055808788,14
JE Root,10.0,66.67,15.0,0.12,15.0,3.0,0.0,10.0,0.0,10
JE Taylor,3.0,100.0,0.0,0.0,0.0,0.82,0.0,1.5,0.5,1
JEC Franklin,29.73,108.64,8.85,0.29,27.36,10.7,18.75,10.6,8.979977728257458,13
JH Kallis,29.24,109.23,7.43,0.33,26.77,14.54,35.79,15.8,13.905394636614956,10
JG Bethell,33.5,171.79,3.25,0.86,19.5,19.62,50.0,33.5,21.5,55
JJ Bumrah,11.33,86.08,13.17,0.17,13.17,2.28,0.0,2.4,2.8705400188814645,0
JJ Roy,32.32,138.6,4.61,0.53,23.32,28.46,47.62,25.0,14.057026712644463,45
JJ van der Wath,9.0,112.5,8.0,0.29,8.0,4.84,0.0,6.0,5.887840577551898,4
JM Bairstow,35.62,146.07,4.64,0.56,24.38,32.54,46.15,26.6,14.759403781996074,38
JL Denly,0.0,0.0,0.0,0.0,1.0,0.0,0.0,0.0,0.0,0
JL Pattinson,15.0,115.38,6.5,0.5,13.0,4.06,0.0,7.5,3.5,4
JM Sharma,25.41,157.05,4.54,0.62,16.18,38.64,23.4,32.0,27.22498852157701,24
JM Kemp,13.0,108.33,12.0,0.2,12.0,6.92,0.0,13.0,9.0,4
JO Holder,12.33,122.75,6.81,0.34,10.05,3.84,3.7,2.8,4.1182520563948,11
JP Behrendorff,6.0,66.67,0.0,0.0,0.0,1.68,0.0,3.0,0.0,3
JP Duminy,42.27,124.02,7.98,0.4,34.08,17.4,36.0,15.2,4.664761515876241,13
JP Faulkner,20.27,135.13,6.61,0.46,15.0,10.28,13.04,10.0,6.899275324264136,8
JP Inglis,30.89,162.57,4.07,0.67,19.0,40.08,45.45,37.2,21.97635092548351,39
JPR Scantlebury-Searles,8.0,133.33,6.0,0.33,6.0,2.16,0.0,4.0,2.0,2
JR Hazlewood,19.0,65.52,29.0,0.07,0.0,1.74,0.0,1.8,2.638181191654584,0
JR Hopes,26.06,136.27,5.1,0.54,19.12,22.84,21.05,22.4,17.568153004798198,7
JR Philippe,19.5,101.3,7.7,0.29,19.25,19.32,40.0,15.6,14.430523206037957,12
Jaskaran Singh,8.0,72.73,0.0,0.0,11.0,1.64,0.0,2.0,1.5811388300841898,0
Joginder Sharma,9.0,120.0,10.0,0.3,7.5,7.44,0.0,7.2,7.332121111929345,0
K Goel,16.77,94.37,8.88,0.21,17.77,11.78,6.25,10.6,8.064738061462382,1
K Gowtham,13.72,166.89,4.62,0.63,8.22,7.96,3.7,7.6,8.56971411425142,2
K Kartikeya,4.0,70.59,17.0,0.11,5.67,2.72,0.0,3.0,1.8708286933869707,2
K Rabada,13.44,106.97,8.04,0.27,12.56,6.14,3.33,5.8,3.7629775444453557,2
K Upadhyay,12.0,133.33,9.0,0.33,0.0,3.16,0.0,6.0,5.0,1
K Yadav,0.0,0.0,0.0,0.0,0.0,0.0,0.0,0.0,0.0,0
KA Jamieson,21.67,108.33,7.5,0.27,20.0,3.4,0.0,4.4,5.986651818838307,0
KA Maharaj,1.0,50.0,0.0,0.0,2.0,0.3,0.0,1.0,0.0,1
KA Pollard,28.64,147.57,5.23,0.52,19.41,13.12,20.93,12.4,5.083306010855534,15
KAJ Roach,10.0,111.11,9.0,0.33,9.0,3.0,0.0,10.0,0.0,10
KB Arun Karthik,10.2,100.0,10.2,0.23,10.2,8.66,0.0,8.2,6.615134163416491,12
KC Cariappa,8.0,114.29,10.5,0.25,7.0,5.48,0.0,4.8,4.749736834815167,9
KC Sangakkara,25.95,121.19,6.27,0.43,21.42,8.6,33.82,7.6,7.002856560004639,3
KD Karthik,27.67,135.28,5.71,0.51,20.46,13.12,27.23,12.8,7.249827584156743,11
KH Pandya,22.81,132.43,6.08,0.45,17.22,22.04,18.42,20.8,26.72377218882095,4
KJ Abbott,13.0,162.5,8.0,0.33,8.0,2.94,0.0,4.333333333333333,5.436502143433364,1
KK Ahmed,0.4,22.22,0.0,0.0,1.8,0.48,0.0,0.4,0.48989794855663565,1
KK Cooper,12.89,170.59,4.0,0.63,7.56,13.3,8.33,13.8,12.592060990957755,2
KK Nair,24.91,131.73,5.5,0.48,18.91,19.32,30.26,15.6,15.396103403134182,44
KL Rahul,46.74,136.04,5.82,0.51,34.36,40.78,48.55,35.0,39.78441906073281,35
KL Nagarkoti,5.5,66.67,33.0,0.06,8.25,2.3,0.0,2.2,2.4,0
KM Jadhav,23.69,123.14,6.91,0.41,19.24,12.48,13.58,11.6,5.083306010855534,12
KM Asif,0.0,0.0,0.0,0.0,2.0,0.0,0.0,0.0,0.0,0
KMA Paul,4.5,75.0,12.0,0.13,6.0,4.16,0.0,3.6,2.33238075793812,3
KMDN Kulasekara,5.0,166.67,3.0,1.0,0.0,1.5,0.0,5.0,0.0,5
KP Appanna,2.0,50.0,0.0,0.0,4.0,0.56,0.0,0.6666666666666666,0.4714045207910317,1
KP Pietersen,37.07,134.72,5.67,0.48,27.52,23.94,41.67,26.2,19.833305322109073,0
KR Mayers,29.15,144.11,4.38,0.47,20.23,19.0,38.46,16.4,17.22324011328879,18
KR Sen,0.0,0.0,0.0,0.0,0.0,0.0,0.0,0.0,0.0,0
KS Bharat,28.43,122.09,8.15,0.35,23.29,19.78,37.5,21.4,28.5769137591868,0
KS Rathore,0.0,0.0,0.0,0.0,5.0,0.0,0.0,0.0,0.0,0
KS Sharma,5.33,64.0,25.0,0.08,8.33,4.12,0.0,5.333333333333333,2.6246692913372702,3
KS Williamson,36.76,125.63,6.76,0.43,29.26,11.0,36.36,9.6,8.685620300243384,1
KT Maphaka,8.0,400.0,1.0,0.0,0.0,2.4,0.0,8.0,0.0,8
KW Richardson,12.0,92.31,13.0,0.18,13.0,7.0,0.0,9.0,10.222524150130436,1
KV Sharma,14.67,119.32,7.97,0.33,12.29,6.8,5.0,6.8,6.8527366796047255,1
Kamran Akmal,32.0,164.1,3.71,0.64,19.5,23.22,16.67,22.6,16.3413585726524,6
Kamran Khan,3.0,60.0,0.0,0.0,5.0,0.9,0.0,3.0,0.0,3
Kartik Tyagi,3.25,81.25,16.0,0.14,4.0,2.5,0.0,2.2,2.4819347291981715,0
Karanveer Singh,12.0,70.59,17.0,0.11,17.0,3.0,0.0,3.0,1.5811388300841898,4
Kuldeep Yadav,16.75,86.64,11.05,0.18,19.33,4.12,2.7,3.6,2.33238075793812,7
Kumar Kushagra,1.0,42.86,0.0,0.0,2.33,0.86,0.0,1.0,0.816496580927726,2
L Ablish,0.0,0.0,0.0,0.0,0.0,0.0,0.0,0.0,0.0,0
L Ngidi,0.0,0.0,0.0,0.0,0.0,0.0,0.0,0.0,0.0,0
L Balaji,5.14,73.47,16.33,0.11,7.0,2.34,0.0,2.6,3.3823069050575527,1
L Ronchi,11.33,100.0,4.86,0.3,11.33,7.28,0.0,6.8,5.035871324805669,0
L Wood,9.0,300.0,3.0,0.0,0.0,2.7,0.0,9.0,0.0,9
LA Carseldine,27.0,119.12,6.18,0.39,22.67,15.06,20.0,16.2,11.754148203932091,8
LA Pomersbach,30.2,122.76,6.47,0.37,24.6,16.6,18.75,12.8,11.513470371699404,33
LB Williams,1.0,50.0,0.0,0.0,0.0,0.3,0.0,1.0,0.0,1
LH Ferguson,24.0,153.19,5.22,0.75,15.67,5.08,0.0,5.6,6.468384651518492,4
LE Plunkett,1.0,33.33,0.0,0.0,3.0,0.3,0.0,0.5,0.5,1
LJ Wright,26.5,176.67,3.16,1.0,15.0,23.92,40.0,21.2,15.866946776238963,44
LMP Simmons,41.5,126.64,5.57,0.41,32.77,11.04,58.62,14.0,22.556595487794695,3
LPC Silva,20.0,153.85,4.33,0.67,13.0,9.72,0.0,13.333333333333334,9.741092797468305,0
LS Livingstone,26.95,158.76,4.57,0.64,16.97,9.1,25.53,6.6,9.372299611087985,25
LRPL Taylor,26.76,123.72,7.34,0.36,21.63,12.94,20.37,13.4,14.853955702101715,4
LR Shukla,15.0,115.71,7.14,0.34,12.96,9.36,9.09,6.8,7.934733769950949,21
Lalit Yadav,20.33,105.17,8.53,0.29,19.33,6.92,14.29,6.4,3.1368774282716245,7
Liton Das,4.0,100.0,4.0,0.33,4.0,1.2,0.0,4.0,0.0,4
M Ashwin,4.38,70.0,16.67,0.11,6.25,3.9,0.0,4.2,3.6000000000000005,0
M Jansen,12.82,109.3,9.21,0.28,11.73,6.34,5.0,6.6,9.308061022576076,0
M Kaif,16.19,103.6,8.93,0.25,15.62,13.06,9.09,11.0,4.774934554525329,14
M Kartik,18.83,104.63,13.5,0.26,18.0,4.96,0.0,5.6,4.963869458396343,0
M Klinger,18.25,94.81,8.56,0.26,19.25,19.06,0.0,18.25,10.158124826955023,24
M Markande,16.0,114.29,7.0,0.33,14.0,7.6,0.0,6.0,6.2289646009589745,18
M Manhas,22.35,109.36,8.87,0.29,20.43,6.66,13.16,7.0,4.427188724235731,1
M Morkel,12.6,140.0,5.62,0.5,9.0,4.04,0.0,4.4,4.586937976471886,1
M Muralitharan,3.33,66.67,30.0,0.06,5.0,2.98,0.0,2.6,2.4166091947189146,0
M Ntini,11.0,61.11,9.0,0.14,18.0,2.86,0.0,5.5,5.5,0
M Prasidh Krishna,4.5,37.5,0.0,0.0,12.0,1.92,0.0,1.6,1.4966629547095767,2
M Rawat,11.0,79.71,13.8,0.15,13.8,5.46,0.0,4.6,1.9595917942265424,5
M Shahrukh Khan,23.61,149.08,5.11,0.55,15.84,23.3,12.5,20.2,19.030501832584445,13
M Theekshana,5.67,50.0,34.0,0.05,11.33,2.52,0.0,2.0,1.6733200530681511,2
M Vijay,28.16,121.87,6.36,0.36,23.11,18.68,34.29,19.2,12.796874618437114,10
M Tiwari,3.0,75.0,0.0,0.0,4.0,0.9,0.0,3.0,0.0,3
M Vohra,23.04,130.64,5.64,0.41,17.64,13.26,29.41,11.8,4.261455150532504,10
M de Lange,1.0,50.0,0.0,0.0,2.0,0.3,0.0,1.0,0.0,1
MA Agarwal,23.62,133.79,5.51,0.49,17.66,23.84,26.19,20.0,12.361229712289955,24
MA Khote,12.0,109.09,7.33,0.3,11.0,6.16,0.0,8.0,0.816496580927726,7
MA Starc,11.1,93.28,10.82,0.22,11.9,1.2,0.0,1.2,0.7483314773547883,1
MA Wood,6.0,150.0,4.0,0.5,4.0,3.12,0.0,4.0,4.242640687119285,1
MC Juneja,17.86,97.66,10.67,0.25,18.29,18.02,14.29,19.4,15.704776343520464,14
MC Henriques,27.78,126.9,6.85,0.42,21.89,7.54,22.22,7.0,4.979959839195493,3
MD Mishra,15.8,113.94,6.5,0.33,13.87,6.84,11.76,6.8,3.54400902933387,4
MD Shanaka,13.0,100.0,8.67,0.25,13.0,7.08,0.0,8.666666666666666,6.944222218666553,17
MDKJ Perera,7.0,107.69,4.33,0.38,6.5,3.64,0.0,7.0,7.0,0
MEK Hussey,40.35,122.64,6.45,0.41,32.9,24.92,48.28,23.2,21.160340261914502,4
MF Maharoof,17.7,143.9,5.86,0.49,12.3,9.38,7.14,9.8,11.249888888340186,0
MG Bracewell,29.0,123.4,6.71,0.47,23.5,14.24,0.0,14.5,8.558621384311845,26
MG Johnson,12.85,101.83,9.65,0.22,12.62,8.9,0.0,7.4,4.586937976471886,12
MJ Guptill,22.58,137.56,5.05,0.44,16.42,21.52,35.71,16.4,14.677874505527019,36
MJ Clarke,16.33,104.26,7.83,0.29,15.67,12.94,16.67,11.4,5.314132102234569,13
MJ Lumb,27.8,143.3,3.8,0.55,19.4,21.14,41.67,23.0,30.377623343507306,0
MJ McClenaghan,7.73,121.43,5.83,0.33,6.36,3.56,0.0,4.4,5.0039984012787215,0
MJ Owen,0.0,0.0,0.0,0.0,2.0,0.0,0.0,0.0,0.0,0
MJ Santner,13.75,105.77,8.67,0.26,13.0,1.34,0.0,1.8,3.124099870362662,0
MJ Suthar,1.0,50.0,0.0,0.0,2.0,0.3,0.0,1.0,0.0,1
MK Lomror,18.17,141.29,5.92,0.53,12.86,13.44,20.0,10.4,11.84229707446997,32
MK Pandey,29.93,121.64,7.12,0.39,24.61,32.2,33.33,26.8,15.484185480676729,37
MK Tiwary,29.74,116.98,7.39,0.37,25.42,14.24,30.12,10.8,12.302845199383759,35
ML Hayden,39.54,137.34,4.88,0.49,28.79,8.46,51.52,6.2,6.11228271597445,17
MM Ali,22.88,139.76,5.15,0.5,16.37,15.96,25.42,17.6,20.005999100269896,0
MM Patel,7.8,95.12,8.2,0.28,8.2,1.04,0.0,1.2,1.4696938456699067,0
MM Sharma,7.35,91.91,10.46,0.19,8.0,0.62,0.0,0.6,0.7999999999999999,0
MN Samuels,14.64,93.6,10.75,0.19,15.64,7.84,14.29,6.4,10.34601372510205,0
MN van Wyk,55.67,126.52,6.6,0.49,44.0,34.98,60.0,33.4,24.88051446413438,0
MP Breetzke,14.0,116.67,6.0,0.29,12.0,4.2,0.0,14.0,0.0,14
MP Stoinis,28.54,144.71,5.3,0.55,19.72,18.06,23.23,18.6,15.14727698300919,6
MS Bhandage,1.0,25.0,0.0,0.0,4.0,0.3,0.0,1.0,0.0,1
MR Marsh,29.36,142.92,5.05,0.52,20.55,69.58,34.69,56.6,38.836065712170175,67
MS Bisla,22.17,113.68,6.05,0.34,19.5,13.8,15.38,11.2,7.704544113703289,17
MS Dhoni,39.13,137.45,6.19,0.48,28.47,14.68,28.22,12.4,3.9293765408777004,16
MS Gony,11.0,139.44,5.07,0.41,7.89,9.02,6.67,9.8,16.17899873292535,3
MS Wade,14.08,103.39,7.08,0.29,13.62,16.66,14.29,16.6,10.8,4
MV Boucher,28.14,127.51,6.87,0.42,22.07,4.72,26.09,4.8,3.4871191548325386,1
MW Short,19.5,127.17,4.84,0.42,15.33,23.88,33.33,23.2,11.617228585166083,27
Mandeep Singh,21.32,122.91,6.49,0.41,17.35,6.56,18.56,6.4,7.310266752998827,12
Mashrafe Mortaza,2.0,100.0,0.0,0.0,0.0,0.6,0.0,2.0,0.0,2
Mayank Dagar,0.0,0.0,0.0,0.0,0.0,0.0,0.0,0.0,0.0,0
Misbah-ul-Haq,16.71,144.44,5.06,0.53,11.57,18.18,25.0,17.0,19.677398201998148,0
Mohammad Ashraful,2.0,20.0,0.0,0.0,10.0,0.6,0.0,2.0,0.0,2
Mohammad Asif,1.5,50.0,0.0,0.0,3.0,0.9,0.0,1.5,1.5,3
Mohammad Hafeez,9.14,77.11,9.22,0.18,11.86,6.48,0.0,6.0,3.7416573867739413,4
Mohammad Nabi,13.81,145.39,5.07,0.55,9.5,7.74,5.0,7.0,8.366600265340756,1
Mohammed Shami,6.0,94.38,9.89,0.21,6.36,3.42,0.0,3.0,2.0976176963403033,6
Mohammed Siraj,12.44,91.06,8.79,0.21,13.67,5.46,0.0,5.0,4.69041575982343,3
Mohit Rathee,1.0,50.0,0.0,0.0,0.0,0.3,0.0,1.0,0.0,1
Mohsin Khan,12.5,104.17,8.0,0.25,12.0,4.58,0.0,5.0,5.0990195135927845,2
Mujeeb Ur Rahman,4.0,80.0,7.5,0.22,5.0,1.96,0.0,2.4,3.826225293941798,1
Mukesh Choudhary,6.0,100.0,6.0,0.33,0.0,1.72,0.0,3.0,1.0,4
Mukesh Kumar,10.0,55.56,0.0,0.0,18.0,2.4,0.0,2.0,2.280350850198276,3
Musheer Khan,0.0,0.0,0.0,0.0,3.0,0.0,0.0,0.0,0.0,0
Mustafizur Rahman,6.5,54.17,24.0,0.06,12.0,2.04,0.0,2.4,3.0066592756745814,0
N Jagadeesan,18.0,110.2,6.39,0.35,16.33,17.98,30.0,16.6,14.207040508142432,19
N Pooran,34.74,168.73,4.18,0.71,20.59,33.22,42.05,29.4,18.83188785013335,13
N Rana,27.97,136.77,5.19,0.49,20.45,18.48,33.04,20.0,17.58408371226661,9
N Saini,14.0,99.29,8.81,0.24,14.1,5.5,20.0,4.6,5.238320341483519,1
N Wadhera,27.65,142.94,5.08,0.53,19.35,21.34,32.26,17.8,15.929846201391902,15
ND Doshi,0.0,0.0,0.0,0.0,13.0,0.0,0.0,0.0,0.0,0
NJ Maddinson,6.67,95.24,5.25,0.27,7.0,5.2,0.0,6.666666666666667,3.7712361663282534,4
NJ Rimmington,1.0,100.0,0.0,0.0,0.0,0.3,0.0,1.0,0.0,1
NK Patel,30.25,101.68,7.93,0.27,29.75,21.54,33.33,23.4,21.574058496258882,14
NL McCullum,26.0,118.18,22.0,0.14,22.0,7.2,0.0,13.0,2.0,11
NM Coulter-Nile,8.2,113.89,6.55,0.31,7.2,4.84,0.0,6.0,9.033271832508971,1
NLTC Perera,19.27,137.22,6.31,0.44,14.05,18.5,16.13,16.2,3.655133376499413,23
NS Naik,7.75,62.0,25.0,0.07,12.5,6.3,0.0,7.75,8.584142356694699,1
NT Ellis,4.75,76.0,25.0,0.08,6.25,3.06,0.0,3.8,4.66476151587624,1
NV Ojha,21.58,118.35,6.57,0.33,18.24,14.1,11.7,14.2,11.01635148313633,1
Naman Dhir,28.0,180.65,3.62,0.92,15.5,23.14,26.32,19.4,10.892199043352083,37
Navdeep Saini,8.25,89.19,12.33,0.19,9.25,6.1,0.0,6.2,3.919183588453085,2
Naveen-ul-Haq,18.0,72.0,12.5,0.13,25.0,3.64,0.0,4.5,4.924428900898052,2
Nithish Kumar Reddy,28.53,132.88,6.52,0.45,21.47,10.82,31.82,10.2,8.084553172563094,4
Noor Ahmad,2.5,57.14,17.5,0.09,4.38,1.62,0.0,1.4,0.8,2
OA Shah,42.17,130.08,6.82,0.43,32.42,19.22,27.27,17.0,11.966620241321273,24
OC McCoy,8.0,160.0,5.0,0.5,0.0,2.4,0.0,8.0,0.0,8
OF Smith,17.0,115.91,7.33,0.26,14.67,5.96,0.0,5.2,4.995998398718719,13
P Awana,2.5,35.71,0.0,0.0,7.0,0.74,0.0,1.0,1.5491933384829668,0
P Chopra,8.0,133.33,3.0,0.5,6.0,2.4,0.0,8.0,0.0,8
P Dogra,15.88,92.03,15.33,0.15,17.25,5.8,8.33,5.6,1.624807680927192,5
P Dubey,23.0,69.7,16.5,0.12,33.0,6.62,0.0,11.5,4.5,16
P Kumar,10.0,108.28,8.05,0.26,9.24,3.36,1.75,3.2,2.7129319932501077,1
P Negi,16.59,126.3,6.72,0.38,13.14,2.5,8.57,1.8,2.227105745132009,4
P Parameswaran,1.0,50.0,0.0,0.0,0.0,0.26,0.0,0.5,0.5,0
P Ray Barman,19.0,79.17,12.0,0.18,24.0,5.7,0.0,19.0,0.0,19
P Sahu,19.0,146.15,6.5,0.5,0.0,4.98,0.0,9.5,8.5,1
P Simran Singh,27.1,152.76,4.18,0.6,17.74,19.58,32.69,18.2,8.158431221748456,26
PA Patel,23.54,120.78,5.7,0.42,19.49,25.82,27.21,28.6,20.75186738585229,0
PA Reddy,16.4,102.5,9.41,0.26,16.0,8.66,10.0,8.2,6.675327707311455,7
PBB Rajapaksa,23.08,145.03,5.16,0.53,15.92,14.98,38.46,15.0,18.93145530591877,0
PC Valthaty,22.95,120.81,5.16,0.38,19.0,5.08,21.74,4.4,2.939387691339814,6
PD Collingwood,50.75,130.13,7.09,0.39,39.0,27.56,42.86,26.8,30.524744061171095,51
PD Salt,34.06,175.71,3.38,0.81,19.39,40.76,47.06,38.0,17.84376641855637,16
PHKD Mendis,23.0,133.33,7.67,0.41,17.25,20.6,40.0,18.4,14.732277488562318,32
PJ Cummins,21.1,152.24,5.03,0.52,13.86,13.58,14.58,12.6,7.552483035399683,13
PK Garg,15.17,113.28,9.64,0.28,13.39,18.62,10.53,19.4,14.022838514366484,10
PJ Sangwan,3.71,59.09,44.0,0.04,6.29,0.92,0.0,0.8,0.7483314773547883,2
PM Sarvesh Kumar,1.0,50.0,0.0,0.0,0.0,0.3,0.0,1.0,0.0,1
PN Mankad,32.33,132.88,4.87,0.5,24.33,19.74,20.0,19.4,24.146221236458512,3
PP Chawla,11.77,110.83,7.41,0.31,10.62,3.1,0.0,3.0,3.63318042491699,1
PP Ojha,1.78,35.56,0.0,0.0,5.0,1.22,0.0,1.0,0.6324555320336759,1
PR Shah,11.5,101.1,8.27,0.25,11.38,12.4,0.0,11.6,9.58331884056875,5
PP Shaw,24.89,147.47,4.29,0.62,16.88,16.02,31.65,15.8,8.611620056644394,13
PSP Handscomb,6.0,50.0,0.0,0.0,12.0,1.8,0.0,6.0,0.0,6
PV Tambe,18.0,46.15,39.0,0.04,39.0,3.62,0.0,3.0,2.0976176963403033,7
PVD Chameera,17.67,126.19,7.0,0.38,14.0,4.9,0.0,4.2,4.48998886412873,8
PVSN Raju,1.0,100.0,0.0,0.0,0.0,0.3,0.0,1.0,0.0,1
PWA Mulder,9.0,81.82,11.0,0.2,11.0,2.7,0.0,9.0,0.0,9
PWH de Silva,5.4,92.05,11.0,0.2,5.87,1.5,0.0,1.8,1.8330302779823362,0
Pankaj Singh,3.5,58.33,0.0,0.0,6.0,1.3,0.0,1.4,1.3564659966250538,1
Parvez Rasool,8.5,85.0,20.0,0.14,10.0,4.58,0.0,4.25,3.491060010942235,10
Prince Yadav,5.0,50.0,0.0,0.0,0.0,1.34,0.0,2.5,1.5,1
Priyansh Arya,30.28,182.27,3.29,0.85,16.61,25.94,33.33,23.8,20.360746548199064,24
Q de Kock,31.25,133.98,5.39,0.48,23.32,11.12,36.21,10.0,8.246211251235321,9
R Ashwin,13.66,118.16,7.58,0.36,11.56,8.18,5.38,6.6,5.238320341483519,13
R Bhatia,11.79,120.42,7.68,0.36,9.79,10.92,0.0,10.0,7.58946638440411,16
R Bishnoi,6.33,111.76,5.67,0.27,5.67,5.66,0.0,6.333333333333333,8.259674462242579,18
R Dhawan,21.0,112.3,7.48,0.3,18.7,8.8,0.0,7.2,6.20966987850401,19
R Dravid,28.99,115.52,6.34,0.38,25.09,25.32,39.02,21.2,13.196969349058897,43
R McLaren,19.88,92.98,11.4,0.22,21.38,8.12,15.38,8.4,10.209799214480176,1
R Minz,3.0,40.0,0.0,0.0,7.5,1.68,0.0,3.0,0.0,3
R Ninan,3.0,50.0,0.0,0.0,6.0,0.9,0.0,3.0,0.0,3
R Parag,27.07,141.95,5.56,0.53,19.07,32.54,27.4,31.8,32.944802321458845,3
R Powell,18.25,146.59,4.98,0.48,12.45,9.12,21.74,8.8,4.791659420284375,5
R Ravindra,25.81,143.9,5.12,0.58,17.94,18.9,38.89,17.0,15.937377450509228,5
R Rampaul,10.2,102.0,10.0,0.21,10.0,8.7,0.0,7.8,8.97552226892675,13
R Sai Kishore,6.0,112.5,8.0,0.25,5.33,3.72,0.0,4.5,4.9749371855331,3
R Sanjay Yadav,0.0,0.0,0.0,0.0,2.0,0.0,0.0,0.0,0.0,0
R Sathish,16.88,116.88,8.25,0.32,14.44,11.8,0.0,11.6,5.571355310873648,8
R Sharma,6.0,88.0,9.38,0.17,6.82,1.94,0.0,2.2,3.919183588453085,0
R Shepherd,26.43,212.64,3.0,1.0,12.43,17.08,16.67,14.4,20.313542280951395,17
R Shukla,19.0,82.61,11.5,0.2,23.0,5.34,0.0,4.75,5.356071321407137,14
R Tewatia,24.17,137.11,5.63,0.49,17.63,11.7,15.79,9.8,5.1536394906900505,16
R Vinay Kumar,12.4,113.14,9.13,0.29,10.96,4.7,0.0,3.8,4.66476151587624,6
RA Jadeja,28.35,130.3,7.01,0.45,21.76,26.98,14.43,27.0,25.984610830258745,21
RA Bawa,9.5,105.56,18.0,0.14,9.0,5.26,0.0,6.333333333333333,4.642796092394706,8
RA Tripathi,26.95,137.85,5.29,0.52,19.55,13.1,32.65,11.0,7.615773105863909,9
RD Chahar,8.6,104.03,6.89,0.27,8.27,9.16,0.0,9.2,9.826494797230596,5
RD Gaikwad,41.7,137.47,5.58,0.52,30.33,22.88,54.29,24.4,27.666586345264932,1
RE Levi,13.83,113.7,5.21,0.35,12.17,7.18,16.67,6.6,11.253443917308159,0
RD Rickelton,29.85,150.97,4.02,0.6,19.77,34.14,35.71,34.6,22.168446043870553,27
RE van der Merwe,14.45,112.77,7.42,0.3,12.82,7.36,13.33,5.6,4.8,14
RJ Gleeson,2.0,100.0,0.0,0.0,0.0,0.6,0.0,2.0,0.0,2
RG More,2.0,100.0,0.0,0.0,0.0,0.6,0.0,2.0,0.0,2
RG Sharma,29.99,132.06,5.66,0.47,22.71,30.62,36.7,25.0,28.809720581775867,8
RJ Harris,9.75,104.46,12.44,0.2,9.33,4.44,0.0,4.0,5.621387729022079,2
RJ Peterson,10.67,106.67,7.5,0.31,10.0,6.2,0.0,6.4,6.7111846942250075,0
RJ Quiney,14.71,100.98,6.8,0.28,14.57,18.68,14.29,18.0,19.068298298484844,1
RK Singh,30.53,145.18,5.29,0.57,21.03,18.08,27.45,18.0,9.879271228182775,9
RK Bhui,2.5,38.46,0.0,0.0,6.5,2.32,0.0,2.5,2.8722813232690143,0
RJW Topley,3.0,50.0,0.0,0.0,0.0,0.9,0.0,3.0,0.0,3
RN ten Doeschate,23.29,138.72,5.73,0.53,16.79,14.42,19.05,12.2,13.541048703848604,8
RP Meredith,0.0,0.0,0.0,0.0,0.0,0.0,0.0,0.0,0.0,0
RM Patidar,31.74,154.31,5.0,0.64,20.57,19.56,42.11,16.8,5.114684741017769,26
RP Singh,3.71,68.42,25.33,0.08,5.43,1.48,0.0,1.2,0.9797958971132712,1
RR Bhatkal,0.0,0.0,0.0,0.0,2.0,0.0,0.0,0.0,0.0,0
RR Pant,34.96,147.54,4.92,0.6,23.7,44.9,41.27,32.6,43.02371439101929,118
RR Rossouw,23.65,153.57,4.4,0.6,15.4,39.86,31.82,35.0,21.587033144922902,49
RR Powar,33.5,104.69,9.14,0.26,32.0,3.84,0.0,3.2,2.6381811916545836,8
RR Raje,20.0,111.11,9.0,0.33,18.0,4.4,0.0,4.0,4.0,1
RS Gavaskar,2.0,25.0,0.0,0.0,8.0,0.6,0.0,2.0,0.0,2
RS Bopara,31.24,117.22,8.24,0.34,26.65,13.94,27.27,11.8,9.10823802938856,17
RR Sarwan,24.33,97.33,10.71,0.23,25.0,18.62,25.0,18.25,8.699856320652657,20
RV Gomez,10.0,98.04,8.5,0.24,10.2,3.44,0.0,2.8,2.4819347291981715,4
RS Sodhi,4.0,200.0,2.0,1.0,0.0,1.2,0.0,4.0,0.0,4
RT Ponting,11.38,71.09,18.29,0.1,16.0,9.84,0.0,10.4,9.911609354691095,4
RV Uthappa,28.31,130.33,5.73,0.45,21.72,4.9,36.36,6.6,11.706408501329518,1
RV Patel,20.0,109.59,9.12,0.31,18.25,13.14,0.0,11.0,6.418722614352485,10
Rahmanullah Gurbaz,21.35,134.94,4.8,0.42,15.82,18.44,22.22,14.8,13.629380029920657,11
Ramandeep Singh,19.73,158.39,5.27,0.58,12.45,5.3,5.0,3.8,4.791659420284375,13
Rashid Khan,13.93,160.27,4.45,0.57,8.69,4.36,9.09,3.6,4.454211490264018,0
Rasikh Salam,8.0,100.0,8.0,0.26,8.0,8.26,0.0,7.0,3.1622776601683795,10
S Anirudha,17.0,120.35,7.06,0.35,14.12,4.78,8.33,5.0,6.603029607687671,3
Ravi Bishnoi,5.0,68.18,16.5,0.1,7.33,4.7,0.0,3.4,4.882622246293481,13
S Badrinath,31.33,118.89,6.66,0.4,26.35,13.32,35.38,14.8,15.829087149927503,0
S Aravind,19.67,103.51,8.14,0.29,19.0,7.0,0.0,6.4,1.8547236990991407,4
S Badree,2.6,56.52,0.0,0.0,4.6,3.58,0.0,2.6,2.939387691339814,8
S Chanderpaul,8.33,80.65,7.75,0.22,10.33,6.14,0.0,8.333333333333334,5.792715732327589,7
S Dhawan,36.2,127.09,5.78,0.47,28.48,31.04,42.79,30.4,24.434401977539782,14
S Dube,30.98,143.66,5.63,0.52,21.57,27.42,32.0,23.0,16.06237840420901,17
S Gopal,15.0,106.51,8.05,0.31,14.08,9.22,0.0,9.0,7.615773105863909,9
S Kaul,6.67,55.56,36.0,0.04,12.0,2.58,0.0,2.2,2.4819347291981715,1
S Kaushik,0.0,0.0,0.0,0.0,1.0,0.0,0.0,0.0,0.0,0
S Ladda,0.0,0.0,0.0,0.0,9.0,0.0,0.0,0.0,0.0,0
S Lamichhane,0.0,0.0,0.0,0.0,1.0,0.0,0.0,0.0,0.0,0
S Nadeem,2.79,44.83,43.5,0.04,6.21,2.98,0.0,3.0,2.1908902300206643,0
S Narwal,12.33,137.04,4.5,0.6,9.0,10.46,0.0,9.25,9.148087231765993,23
S Rana,22.75,112.35,8.1,0.31,20.25,11.36,0.0,10.4,6.560487786742691,5
S Randiv,2.0,50.0,0.0,0.0,4.0,0.6,0.0,2.0,0.0,2
S Sohal,20.44,126.03,5.62,0.37,16.22,27.92,30.0,27.2,18.269099594670777,34
S Sreesanth,11.33,61.82,9.17,0.15,18.33,0.4,0.0,0.4,0.48989794855663565,0
S Tyagi,3.0,75.0,0.0,0.0,0.0,0.9,0.0,3.0,0.0,3
S Sriram,15.5,86.11,12.0,0.19,18.0,8.22,0.0,15.5,11.5,4
S Vidyut,18.12,133.03,4.54,0.49,13.62,10.36,25.0,9.2,6.144916598294887,16
SA Abbott,11.0,122.22,6.0,0.3,9.0,5.96,0.0,7.333333333333333,5.312459150169743,7
SA Asnodkar,23.5,124.78,5.14,0.44,18.83,16.44,36.84,17.6,15.396103403134184,9
SA Yadav,35.92,148.6,4.66,0.63,24.18,52.36,40.79,48.4,14.934523762075576,44
SB Bangar,8.17,84.48,14.5,0.14,9.67,5.26,0.0,5.4,5.817215828899594,2
SB Dubey,23.17,163.53,4.47,0.7,14.17,14.48,9.09,12.4,7.525955088890711,7
SB Jakati,28.0,96.55,9.67,0.27,29.0,4.96,0.0,5.6,4.454211490264018,1
SB Joshi,3.0,42.86,0.0,0.0,7.0,1.68,0.0,3.0,0.0,3
SB Wagh,1.0,66.67,0.0,0.0,1.5,0.52,0.0,1.0,1.0,0
SB Styris,18.71,98.5,10.23,0.25,19.0,13.78,10.0,13.8,10.107423014794621,5
SC Ganguly,25.94,106.81,7.06,0.3,24.29,13.82,37.5,14.6,11.926441212700459,5
SD Chitnis,14.14,111.24,7.42,0.34,12.71,19.02,12.5,15.0,11.64474130240771,38
SD Hope,26.14,150.0,5.08,0.53,17.43,25.98,33.33,23.0,16.480291259562133,38
SD Lad,15.0,115.38,6.5,0.25,13.0,4.5,0.0,15.0,0.0,15
SE Marsh,40.15,133.03,5.39,0.5,30.18,25.16,52.86,24.8,17.52027397046062,10
SE Bond,1.0,50.0,0.0,0.0,2.0,0.3,0.0,1.0,0.0,1
SE Rutherford,24.81,137.37,5.67,0.46,18.06,26.62,25.0,26.6,14.934523762075576,24
SJ Srivastava,5.0,100.0,0.0,0.0,5.0,1.38,0.0,1.25,1.0897247358851685,3
SH Johnson,8.0,72.73,11.0,0.17,0.0,1.48,0.0,1.6,1.7435595774162693,1
SK Raina,34.17,136.83,5.7,0.53,24.98,7.46,38.31,7.4,5.748043145279966,3
SK Rasheed,14.2,112.7,5.73,0.32,12.6,14.26,0.0,14.2,8.930845424706444,14
SK Trivedi,6.0,71.19,14.75,0.11,8.43,2.44,0.0,2.4,2.0591260281974,0
SK Warne,11.65,92.52,10.7,0.2,12.59,2.66,3.7,2.6,1.624807680927192,2
SL Malinga,8.0,88.89,9.0,0.2,9.0,3.78,0.0,3.0,2.9664793948382653,7
SM Curran,24.93,136.39,5.8,0.5,18.27,28.36,16.98,22.8,32.652105598261194,5
SM Harwood,9.0,64.29,0.0,0.0,0.0,2.58,0.0,4.5,1.5,6
SM Pollock,18.38,132.43,5.55,0.48,13.88,14.44,25.0,16.0,14.324803663575986,0
SM Katich,26.78,129.57,5.47,0.42,20.67,10.92,27.27,9.6,6.406246951218788,8
SMSM Senanayake,10.0,58.82,0.0,0.0,17.0,2.32,0.0,2.5,2.692582403567252,2
SN Thakur,12.5,139.48,5.42,0.52,8.96,4.4,2.5,3.6,2.0591260281974,4
SN Khan,22.5,130.58,5.82,0.5,17.23,14.02,25.0,12.6,8.979977728257458,9
SO Hetmyer,29.76,151.84,5.24,0.58,19.6,14.38,22.78,12.6,9.308061022576076,12
SP Fleming,21.78,118.79,5.5,0.38,18.33,25.32,30.0,24.8,13.377593206552515,14
SP Jackson,10.17,107.02,9.5,0.3,9.5,5.54,0.0,4.6,2.870540018881465,5
SP Goswami,15.42,99.32,8.43,0.27,15.53,8.16,14.29,10.4,13.062924634246345,0
SP Narine,18.74,166.51,3.5,0.63,11.25,23.9,16.1,19.8,10.419213022104884,31
SPD Smith,35.64,128.28,6.8,0.47,27.79,23.6,37.89,22.0,13.638181696985855,9
SR Tendulkar,34.84,119.82,5.99,0.42,29.07,30.52,47.44,26.0,14.24078649513432,38
SR Watson,31.29,137.93,4.96,0.49,22.69,23.72,36.36,22.8,13.541048703848604,14
SS Cottrell,0.0,0.0,0.0,0.0,2.0,0.0,0.0,0.0,0.0,0
SS Iyer,34.27,133.39,6.0,0.49,25.69,35.46,40.91,33.8,32.70107031887489,1
SS Prabhudessai,14.0,118.87,7.07,0.31,11.78,13.62,10.0,11.8,8.68101376568428,24
SS Shaikh,6.0,85.71,7.0,0.25,0.0,1.8,0.0,6.0,0.0,6
SS Tiwary,30.49,120.1,7.73,0.37,25.39,26.44,27.4,23.2,20.41959842896035,15
ST Jayasuriya,27.43,144.36,4.33,0.49,19.0,6.5,33.33,6.6,8.5463442476886,1
STR Binny,20.47,128.84,6.76,0.4,15.88,12.92,15.15,14.0,11.313708498984761,0
SV Samson,31.78,139.05,5.66,0.51,22.86,32.76,38.01,29.6,10.650821564555478,41
SW Billings,19.35,129.64,6.47,0.43,14.92,25.6,18.52,21.2,12.12270596855339,36
SW Tait,7.67,88.46,13.0,0.18,8.67,5.02,0.0,4.6,4.841487374764082,1
Sachin Baby,16.0,122.03,7.38,0.36,13.11,8.36,9.09,8.0,6.356099432828281,7
SZ Mulani,1.0,100.0,0.0,0.0,0.0,0.3,0.0,1.0,0.0,1
Salman Butt,27.57,119.88,5.03,0.43,23.0,38.56,28.57,36.4,21.58332689832594,24
Sameer Rizvi,24.57,140.98,5.08,0.52,17.43,34.76,22.22,27.2,19.114392483152585,58
Sandeep Sharma,12.0,80.0,18.75,0.13,15.0,3.36,0.0,3.2,3.249615361854384,6
Sanvir Singh,12.5,119.05,7.0,0.38,10.5,5.02,0.0,5.0,2.8284271247461903,0
Saurav Chauhan,6.0,120.0,7.5,0.33,5.0,4.32,0.0,6.0,4.242640687119285,0
Sediqullah Atal,22.0,137.5,8.0,0.33,16.0,6.6,0.0,22.0,0.0,22
Shahbaz Ahmed,19.46,121.65,8.3,0.34,16.0,9.16,13.16,7.6,6.151422599691879,9
Shahid Afridi,10.12,176.09,3.54,0.65,5.75,10.54,11.11,11.0,13.311649033834989,1
Shashank Singh,42.94,157.76,4.95,0.71,27.22,29.72,33.33,27.2,26.969612529660118,61
Shakib Al Hasan,20.38,124.41,6.8,0.44,16.38,7.92,11.32,8.8,9.495261976375375,0
Shivam Mavi,5.67,91.07,9.33,0.2,6.22,5.12,0.0,5.6,7.391887445030532,1
Shivam Sharma,5.0,166.67,3.0,1.0,3.0,1.34,0.0,2.5,1.5,1
Shivam Singh,2.0,66.67,0.0,0.0,0.0,0.6,0.0,2.0,0.0,2
Shoaib Ahmed,0.5,16.67,0.0,0.0,3.0,0.26,0.0,0.3333333333333333,0.4714045207910317,0
Shoaib Akhtar,2.0,28.57,0.0,0.0,7.0,0.6,0.0,2.0,0.0,2
Shoaib Malik,13.0,110.64,9.4,0.36,11.75,9.84,0.0,10.4,9.350935782048767,1
Shubman Gill,40.69,138.72,5.68,0.56,29.34,34.14,50.0,37.0,31.7742033731768,1
Sikandar Raza,26.0,133.82,6.8,0.38,19.43,22.1,22.22,20.6,9.728309205612248,28
Simarjeet Singh,3.33,66.67,0.0,0.0,5.0,1.48,0.0,1.6,1.3564659966250536,0
Sohail Tanvir,12.0,124.14,7.25,0.44,9.67,8.36,0.0,7.2,3.4871191548325386,9
Sumit Kumar,9.0,75.0,8.0,0.18,12.0,4.96,0.0,6.0,2.943920288775949,9
Sunny Gupta,0.0,0.0,0.0,0.0,1.0,0.0,0.0,0.0,0.0,0
Sunny Singh,10.75,138.71,4.43,0.58,7.75,8.1,0.0,8.6,6.6211781428987395,4
Suryansh Shedge,2.33,63.64,0.0,0.0,3.67,1.78,0.0,2.3333333333333335,1.247219128924647,1
Swapnil Singh,10.2,113.33,7.5,0.3,9.0,7.3,0.0,7.4,5.9531504264548865,9
T Banton,9.0,90.0,10.0,0.18,10.0,5.08,0.0,9.0,1.0,10
T Henderson,11.0,68.75,16.0,0.09,16.0,2.86,0.0,5.5,5.5,0
T Kohli,3.67,57.89,19.0,0.08,6.33,2.62,0.0,3.6666666666666665,2.494438257849294,1
T Kohler-Cadmore,16.0,88.89,6.75,0.24,18.0,12.16,0.0,16.0,4.320493798938574,10
T Natarajan,3.0,60.0,0.0,0.0,0.0,0.78,0.0,1.5,1.5,0
T Shamsi,2.0,50.0,0.0,0.0,0.0,0.6,0.0,2.0,0.0,2
T Stubbs,47.4,164.2,4.87,0.9,28.87,18.06,38.71,16.6,14.65059725744995,18
T Thushara,6.0,66.67,0.0,0.0,9.0,3.32,0.0,3.0,2.9154759474226504,8
T Taibu,10.33,119.23,8.67,0.33,8.67,7.74,0.0,10.333333333333334,3.39934634239519,7
TA Boult,10.62,104.94,10.12,0.23,10.12,3.0,0.0,3.2,4.445222154178574,1
TD Paine,5.0,38.46,0.0,0.0,13.0,2.92,0.0,5.0,3.0,8
TG Southee,10.91,112.15,8.92,0.26,9.73,0.32,5.26,0.4,0.48989794855663565,0
TH David,33.84,173.36,4.28,0.77,19.52,16.14,29.55,19.0,17.832554500127006,1
TL Seifert,8.67,113.04,5.75,0.33,7.67,6.8,0.0,8.666666666666666,8.73053390247253,3
TK Curran,25.4,118.69,8.23,0.36,21.4,19.04,10.0,18.8,19.13530767978399,0
TL Suman,22.53,117.57,7.1,0.33,19.17,10.92,15.38,10.4,7.605261336732618,11
TM Dilshan,28.82,114.5,6.14,0.36,25.18,18.88,34.0,15.2,12.270289320142375,13
TM Head,35.81,170.03,3.72,0.82,21.06,35.04,43.24,26.4,25.85033848907979,76
TM Srivastava,8.0,72.73,0.0,0.0,11.0,1.8,0.0,2.6666666666666665,3.091206165165235,0
TR Birt,15.0,129.31,5.27,0.42,11.6,16.5,0.0,15.0,8.246211251235321,16
TU Deshpande,14.0,127.27,7.33,0.38,11.0,1.66,0.0,1.4,1.019803902718557,1
TS Mills,2.0,57.14,14.0,0.09,3.5,1.28,0.0,1.6,2.3323807579381204,0
Tanush Kotian,24.0,77.42,10.33,0.18,31.0,7.2,0.0,24.0,0.0,24
Tilak Varma,39.45,144.41,5.55,0.58,27.32,25.76,49.02,20.8,15.341447128612087,44
U Kaul,0.0,0.0,0.0,0.0,0.0,0.0,0.0,0.0,0.0,0
UBT Chand,15.0,100.0,7.32,0.26,15.0,15.12,15.0,18.0,20.659138413786767,0
UA Birla,7.0,50.0,14.0,0.1,14.0,2.1,0.0,7.0,0.0,7
UT Khawaja,25.4,127.0,5.88,0.45,20.0,22.78,33.33,19.4,6.2801273872430325,30
UT Yadav,10.4,103.48,8.04,0.26,10.05,4.76,0.0,4.0,3.1622776601683795,2
Umar Gul,13.0,205.26,3.17,0.75,6.33,10.7,0.0,9.75,8.437268515343103,24
Umran Malik,23.0,143.75,5.33,0.38,16.0,6.5,0.0,4.6,7.28285658241325,19
Urvil Patel,22.67,212.5,2.91,1.0,10.67,17.92,66.67,22.666666666666668,16.21384867602041,37
V Kohli,39.96,132.93,6.12,0.5,30.06,44.32,48.28,42.8,16.98705389406886,43
V Nigam,28.4,179.75,3.29,0.89,15.8,21.2,25.0,17.6,12.3547561691844,20
V Pratap Singh,0.0,0.0,0.0,0.0,1.0,0.0,0.0,0.0,0.0,0
V Shankar,26.8,129.79,6.99,0.45,20.65,24.36,17.46,23.6,24.426215425235238,9
V Sehwag,28.72,155.44,3.99,0.67,18.47,2.8,33.65,3.2,3.919183588453085,2
V Viyaskanth,7.0,140.0,0.0,0.0,0.0,2.1,0.0,7.0,0.0,7
V Suryavanshi,36.0,206.56,2.9,0.91,17.43,42.52,57.14,40.4,37.16234653516917,57
VG Arora,2.25,37.5,0.0,0.0,6.0,0.68,0.0,0.8,0.7483314773547883,0
VH Zol,14.5,111.54,6.5,0.31,13.0,8.06,0.0,14.5,1.5,13
VR Aaron,12.5,69.44,18.0,0.1,18.0,1.48,0.0,1.6,1.624807680927192,0
VR Iyer,29.96,137.32,5.32,0.49,21.82,23.78,37.5,26.6,21.82292372712694,7
VRV Singh,4.0,133.33,3.0,0.5,3.0,1.04,0.0,2.0,2.0,0
VS Malik,7.0,100.0,7.0,0.33,7.0,1.86,0.0,3.5,2.5,1
VVS Laxman,17.62,105.62,7.03,0.32,16.69,11.96,20.0,10.8,12.874781551544865,8
VS Yeligati,2.0,100.0,0.0,0.0,2.0,0.6,0.0,2.0,0.0,2
Vijaykumar Vyshak,7.0,116.67,12.0,0.25,6.0,3.16,0.0,3.5,5.5,1
VY Mahesh,7.5,55.56,0.0,0.0,13.5,3.06,0.0,3.0,1.8973665961010275,3
Virat Singh,7.5,57.69,26.0,0.07,13.0,4.06,0.0,7.5,3.5,4
Vishnu Vinod,9.33,98.25,9.5,0.23,9.5,10.14,16.67,9.4,10.442221985765292,5
Vivrant Sharma,69.0,146.81,4.27,0.69,47.0,20.7,100.0,69.0,0.0,69
W Jaffer,18.57,107.44,7.12,0.3,17.29,11.48,25.0,12.8,15.84171707865028,8
WA Mota,11.2,74.67,37.5,0.07,15.0,6.74,0.0,5.8,3.1874754901018454,5
WD Parnell,6.5,81.25,16.0,0.14,8.0,3.04,0.0,2.8,1.16619037896906,2
WG Jacks,28.94,152.81,4.52,0.61,18.94,30.52,26.32,28.4,12.893409169028958,17
WP Saha,24.86,127.57,6.01,0.44,19.49,12.8,23.08,12.0,14.142135623730951,1
WPUJC Vaas,11.57,110.96,14.6,0.21,10.43,6.52,0.0,6.0,5.621387729022079,3
Washington Sundar,16.48,126.17,6.98,0.42,13.06,29.94,11.63,26.6,18.874321179846444,48
X Thalaivan Sargunam,10.0,58.82,0.0,0.0,17.0,3.0,0.0,10.0,0.0,10
XC Bartlett,11.0,73.33,15.0,0.14,15.0,3.3,0.0,11.0,0.0,11
Y Gnaneswara Rao,19.0,111.76,5.67,0.38,17.0,5.7,0.0,19.0,0.0,19
Y Nagar,20.36,110.04,8.93,0.29,18.5,22.64,5.0,18.0,15.658863304850707,44
Y Prithvi Raj,0.0,0.0,0.0,0.0,0.0,0.0,0.0,0.0,0.0,0
YA Abdulla,0.0,0.0,0.0,0.0,0.0,0.0,0.0,0.0,0.0,0
Y Venugopal Rao,23.45,117.82,7.33,0.35,19.9,16.22,21.15,14.2,7.520638270785266,27
YBK Jaiswal,34.94,152.86,4.04,0.63,22.85,43.42,48.48,40.6,18.863721796082555,36
YK Pathan,30.69,143.52,5.29,0.54,21.38,4.66,24.68,4.6,3.006659275674582,3
YS Chahal,6.17,43.02,0.0,0.0,14.33,4.1,0.0,3.4,2.727636339397171,5
YV Dhull,5.33,69.57,23.0,0.1,7.67,4.6,0.0,5.333333333333333,5.436502143433364,13
YV Takawale,24.0,107.87,6.14,0.31,22.25,23.0,20.0,20.8,19.093454375780198,19
Yash Dayal,1.33,44.44,0.0,0.0,3.0,1.08,0.0,1.0,1.224744871391589,1
Yashpal Singh,11.75,71.21,13.2,0.13,16.5,10.54,0.0,11.75,5.402545696243577,6
Younis Khan,3.0,42.86,0.0,0.0,7.0,0.9,0.0,3.0,0.0,3
Yudhvir Singh,5.5,137.5,5.33,0.38,4.0,6.24,0.0,5.5,5.5901699437494745,14
Yuvraj Singh,25.74,129.78,5.78,0.41,19.83,20.62,28.35,19.8,18.540765895722867,4
Z Khan,8.36,82.98,10.85,0.18,10.07,1.96,0.0,2.0,1.0954451150103321,1
